Policy,Avg SINR,Avg BER,Avg Reward
Fixed QPSK,8.3100004196167,0.11152229458093643,709.4781494140625
Fixed 16-QAM,5.927994251251221,0.2627011835575104,320.0985412597656
Random,7.558423000000001,0.22218640492304736,523.7918950769525
PPO Agent,14.026100000000026,0.07600342387640995,1306.8065761235898
